"paper_id","conceito_extraido","termo_original","definicao_ou_achado","eixo_conceitual","tipo_ontologico","sugestao_owl","relacoes","instrumento_ou_metrica","prejuizo_ou_efeito","tipo_de_evidencia","suporte_no_artigo","observacoes"
"P003","Uso problematico de smartphone","problematic smartphone use","O artigo trata PSU como constructo ainda nao padronizado; o uso se torna problematico quando envolve dificuldade de regulacao e consequencias negativas, mas nao ha consenso se o criterio principal deve ser quantidade, padrao de uso ou dano/mal-estar.","uso problematico de smartphone","classe_conceitual","CANDIDATE_CONCEPT: ProblematicSmartphoneUse as umbrella construct for problematic smartphone-use patterns with functional harm criterion; avoid necessary consequence axiom","relatedTo SelfRegulationFailure; hasCandidateCriterion FunctionalHarm; notEquivalentTo SmartphoneUseFrequency","NA - nao aplicavel","prejuizos sociais, interpessoais, saude mental, cognicao e desempenho academico","revisao sistematica de instrumentos","Abstract; Introduction/Associated Dysfunction; Discussion/Psychometric Characteristics","Usar como termo guarda-chuva inicial; evitar assumir diagnostico formal. Revisao semantica 2026-05-24: relacao com prejuizo mantida como criterio candidato, nao consequencia necessaria."
"P003","Frequencia de uso de smartphone","smartphone use frequency","Alta frequencia de uso nao indica necessariamente PSU, porque a frequencia pode refletir finalidades heterogeneas como trabalho, estudo, comunicacao, lazer ou uso disfuncional.","uso problematico de smartphone","variavel_observavel","CANDIDATE_MEASURE: SmartphoneUseFrequency candidateBroaderType DigitalBehaviorMeasure","measures SmartphoneUse; notSufficientFor ProblematicSmartphoneUse","SUF; MUS; MTUAS","NA - nao aplicavel","revisao sistematica de instrumentos","Results/Description of Measurement Scales; Table 2","Separar quantidade de uso, padrao de uso e dano na ontologia."
"P003","Prejuizo funcional associado ao uso","associated life dysfunction","O artigo organiza a relevancia clinica e psicologica do PSU em torno de consequencias negativas em areas sociais, interpessoais, saude mental, cognicao e desempenho academico.","prejuizo e bem-estar digital","dimensao_de_prejuizo","CANDIDATE_HARM_DIMENSION: FunctionalHarm as consequence/impact dimension associated with ProblematicSmartphoneUse","associatedWith ProblematicSmartphoneUse; includes SocialHarm; includes MentalHealthHarm; includes CognitiveHarm; includes AcademicHarm","NA - nao aplicavel","social; interpessoal; ansiedade/depressao; atencao; controle inibitorio; desempenho academico","revisao sistematica com sintese conceitual","Introduction/Associated Dysfunction","Este e um eixo forte para conectar Psicologia com avaliacao de dano na ontologia. Revisao semantica 2026-05-24: associado a PSU sem afirmar causalidade ou consequencia necessaria."
"P003","Falha de autorregulacao/controle","lack of control","Diversas escalas incluem dominios como falta de controle, uso mais longo que o pretendido, compulsividade, craving, abstinencia ou dependencia; o artigo alerta que esses dominios nem sempre sustentam um diagnostico de adicao.","autorregulacao; compulsao","dimensao_psicologica","CANDIDATE_PSYCHOLOGICAL_DIMENSION: SelfRegulationFailure candidateBroaderType PsychologicalProcess; ProblematicSmartphoneUse candidateFeature SelfRegulationFailure","relatedTo LossOfControl; relatedTo CompulsiveUse; relatedTo Craving","MPPUS; COS; PUMP; SAS; PMPUQ-R","NA - nao aplicavel","revisao sistematica de instrumentos","Table 1; DSM-5 Criteria and Considerations; Psychometric Characteristics","Extrair depois subdimensoes com mais precisao nos artigos de escala P001/P002."
"P003","Escalas de PSU","problematic smartphone use measurement scales","A revisao identificou 78 escalas relevantes: 70 focadas em uso problematico, 3 em frequencia de uso e 6 em motivacoes/atitudes, com sobreposicao em um instrumento.","instrumentos e metricas","classe_de_instrumento","INSTRUMENT_FAMILY: ProblematicSmartphoneUseScale candidateBroaderType PsychometricInstrument","measures ProblematicSmartphoneUse; hasDomain ContentDomain; hasReliability CronbachAlpha; hasValidity CriterionRelatedValidity","78 escalas; SAS; PMPUQ; MPPUS; PUMP; SABAS; MTUAS","NA - nao aplicavel","revisao sistematica de instrumentos","Methods/Data Extraction; Results/Identification of Measurement Scales","Base principal para mapear instrumentos, dominios e constructos medidos."
"P003","Lacuna psicometrica e conceitual","lack of sufficient research","Muitas escalas dependem de autorrelato, criterios emprestados de adicao/Internet addiction e validacao contra outros instrumentos sem padrao-ouro; ha insuficiencia de estabilidade temporal e fundamentacao teorica em parte relevante do campo.","metodologia; instrumentos e metricas","lacuna_de_evidencia","EVIDENCE_LIMITATION: EvidenceGap candidateBroaderType ResearchLimitation","affects ProblematicSmartphoneUseScale; concerns CriterionValidity; concerns TemporalStability","autorrelato; consistencia interna; teste-reteste; validade de criterio","NA - nao aplicavel","avaliacao critica em revisao sistematica","Abstract; Psychometric Characteristics; Discussion","Marcar evidencias de escala com cautela; nao tratar pontuacao como diagnostico sem contexto."
"P003","Cautela com adicao de smartphone","smartphone addiction","O artigo registra semelhancas com criterios de adicao, mas enfatiza que a classificacao como adicao comportamental permanece controversa e que 'problematic use' e conceitualmente mais prudente que 'addiction'.","compulsao; uso problematico de smartphone","relacao_conceitual","CANDIDATE_CONCEPTUAL_RELATION: SmartphoneAddiction candidateBroaderType ContestedConstruct","overlapsWith ProblematicSmartphoneUse; notEquivalentTo ProblematicSmartphoneUse; borrowsCriteriaFrom BehavioralAddiction","NA - nao aplicavel","uso apesar de consequencias; dependencia subjetiva; situacoes de risco","revisao sistematica com discussao teorica","Is Smartphone Addiction a Real Concept?; DSM-5 Criteria and Considerations; Discussion","Na ontologia, modelar addiction como termo encontrado na literatura, nao como decisao diagnostica do TCC."
"P003","Contexto, funcao e motivacao de uso","contexts, functions, and motivations for use","A conclusao recomenda compreender o uso de smartphone considerando contexto, funcao e motivacao, em vez de apenas importar criterios de adicoes estabelecidas.","bem-estar digital; mecanismos digitais","principio_de_modelagem","MODELING_NOTE: SmartphoneUseContext and SmartphoneUseMotivation candidateBroaderType DigitalBehaviorContext","moderates ProblematicSmartphoneUse; distinguishes FunctionalUse from DysfunctionalUse","PSSU; MPAS; MTUAS","NA - nao aplicavel","sintese conceitual de revisao sistematica","Conclusion; Table 3","Bom ponto de ponte com retencao algoritmica, notificacoes e design persuasivo em etapa posterior."
"P004","Uso problematico de telefone movel","problematic mobile phone use","PMPU e tratado como condicao heterogenea e multifacetada que pode incluir padroes aditivos, mas tambem usos arriscados, proibidos, interpessoais ou antissociais.","uso problematico de smartphone","classe_conceitual","CANDIDATE_CONCEPT: ProblematicMobilePhoneUse candidateBroaderType ProblematicDigitalUse","broaderThan SmartphoneAddiction; hasManifestation RiskyUse; hasManifestation AddictiveLikeUse; hasManifestation ProhibitedUse","NA - nao aplicavel","relacionamentos; intrusao no trabalho; sono; uso perigoso; uso proibido","artigo teorico de revisao","Abstract; Toward a Pathway Model; Conclusion","Usar como ponte historica entre mobile phone e smartphone; nao reduzir PMPU a adicao."
"P004","Evidencia insuficiente para behavioral addiction","behavioral addiction model","Os autores afirmam que a evidencia para considerar PMPU uma adicao comportamental genuina ainda e escassa, especialmente por falta de dados longitudinais, experimentais, comportamentais e neurobiologicos.","compulsao; uso problematico de smartphone","cautela_conceitual","EVIDENCE_ASSESSMENT: BehavioralAddictionModelApplicability candidateBroaderType EvidenceAssessment","evaluates SmartphoneAddiction; requires LongitudinalEvidence; requires NeurobiologicalEvidence","NA - nao aplicavel","NA - nao aplicavel","artigo teorico de revisao","Problematic Mobile Phone Use as a Behavioral Addiction; Conclusion","Marcar como controversia central na sintese."
"P004","Transposicao teorica inadequada","borrowed addiction criteria","Muitos estudos transpuseram criterios de substancias, jogo patologico ou internet addiction para PMPU sem fundamentacao teorica especifica para o fenomeno movel.","metodologia; instrumentos e metricas","lacuna_de_evidencia","EVIDENCE_LIMITATION: BorrowedCriteriaProblem candidateBroaderType ResearchLimitation","affects ProblematicMobilePhoneUseScale; concerns ConstructValidity","NA - nao aplicavel","NA - nao aplicavel","critica metodologica","Problematic Mobile Phone Use as a Behavioral Addiction; Toward a Pathway Model","Criterios de escala devem ser lidos como indicadores, nao diagnostico."
"P004","Caminho de reassurance excessiva","excessive reassurance pathway","Um caminho para PMPU envolve necessidade de manter relacoes e obter reassurance, associado a ansiedade, baixa autoestima, apego inseguro e instabilidade emocional.","autorregulacao; prejuizo e bem-estar digital","mecanismo_psicologico","PROPOSED_MECHANISM: ExcessiveReassurancePathway candidateBroaderType PsychologicalPathway","proposedMechanismFor ProblematicMobilePhoneUse; associatedWith Anxiety; associatedWith LowSelfEsteem; associatedWith InsecureAttachment","NA - nao aplicavel","ansiedade; baixa autoestima; dependencia relacional","modelo teorico baseado em literatura","Toward a Pathway Model of PMPU","Relacionar depois com FOMO e uso social. Revisao semantica 2026-05-24: pathway tratado como mecanismo proposto."
"P004","Caminho impulsivo-antissocial","impulsive-antisocial pathway","Um caminho para PMPU envolve baixo controle de impulsos, urgencia, falta de planejamento e baixo autocontrole, podendo gerar padroes aditivos, arriscados ou antissociais.","autorregulacao; compulsao","mecanismo_psicologico","PROPOSED_MECHANISM: ImpulsiveAntisocialPathway candidateBroaderType PsychologicalPathway","proposedMechanismFor ProblematicMobilePhoneUse; associatedWith Impulsivity; associatedWith LowSelfControl; candidateManifestation RiskyUse","NA - nao aplicavel","uso ao dirigir; sexting; cyberbullying; uso em locais proibidos","modelo teorico baseado em literatura","Toward a Pathway Model of PMPU","Importante para separar compulsao de risco/antissocialidade. Revisao semantica 2026-05-24: pathway tratado como mecanismo proposto."
"P004","Caminho de extraversao","extraversion pathway","Um caminho para PMPU envolve desejo constante de comunicacao, criacao de novas relacoes, busca de estimulacao e sensibilidade a recompensa.","compulsao; mecanismos digitais","mecanismo_psicologico","PROPOSED_MECHANISM: ExtraversionPathway candidateBroaderType PsychologicalPathway","proposedMechanismFor ProblematicMobilePhoneUse; associatedWith Extraversion; associatedWith RewardSensitivity; associatedWith SensationSeeking","NA - nao aplicavel","comunicacao excessiva; busca de estimulacao; uso arriscado","modelo teorico baseado em literatura","Toward a Pathway Model of PMPU","Ajuda a modelar motivacoes sem presumir patologia. Revisao semantica 2026-05-24: pathway tratado como mecanismo proposto."
"P004","Prejuizo funcional como criterio minimo","functional impairment","Para considerar um comportamento problematico como condicao psiquiatrica ou de saude publica, o artigo destaca a necessidade de prejuizo funcional tangivel em nivel individual, profissional ou pessoal.","prejuizo e bem-estar digital","criterio_conceitual","CANDIDATE_CRITERION: FunctionalImpairmentCriterion candidateBroaderType ProblematicUseCriterion","proposedMinimumCriterionFor PublicHealthConcern; proposedMinimumCriterionFor PsychiatricConditionCandidate; distinguishes ExcessiveUse from ProblematicUse","NA - nao aplicavel","prejuizo individual; profissional; pessoal; acidentes","artigo teorico de revisao","Conclusion","Criterio central para nao definir uso problematico apenas por tempo de tela. Revisao semantica 2026-05-24: criterio mantido como proposicao conceitual, nao regra diagnostica formal."
"P001","Smartphone Addiction Scale","Smartphone Addiction Scale (SAS)","A SAS foi desenvolvida como escala de autorrelato de 33 itens e 6 pontos para avaliar risco/severidade de smartphone addiction em adultos jovens, com alta consistencia interna no estudo inicial.","instrumentos e metricas","instrumento_psicometrico","INSTRUMENT: SmartphoneAddictionScale candidateBroaderType ProblematicSmartphoneUseScale","measures SmartphoneAddictionRisk; hasResponseScale LikertSixPoint; hasEvidence InternalConsistency","SAS; CronbachAlpha 0.967","NA - nao aplicavel","estudo de desenvolvimento e validacao de escala","Abstract; Materials and Methods; Discussion","Usar como instrumento fundador, mas com cautela pelo termo addiction."
"P001","Dimensoes da SAS","daily-life disturbance; positive anticipation; withdrawal; cyberspace-oriented relationship; overuse; tolerance","A versao final da SAS foi organizada em seis fatores: disturbio da vida diaria, antecipacao positiva, abstinencia, relacao orientada ao ciberespaco, uso excessivo e tolerancia.","instrumentos e metricas","dimensao_de_instrumento","SCALE_DIMENSION: SASDimension candidateBroaderType PsychometricDimension","partOf SmartphoneAddictionScale; includes DailyLifeDisturbance; includes PositiveAnticipation; includes Withdrawal; includes CyberspaceOrientedRelationship; includes Overuse; includes Tolerance","SAS","concentracao; sono; relacoes; sintomas fisicos","analise fatorial","Discussion; Table 2","Extrair cada dimensao como candidata, nao como criterio diagnostico definitivo."
"P001","Disturbio da vida diaria","daily-life disturbance","A dimensao inclui perda de tarefas planejadas, dificuldade de concentracao em aula/trabalho, sintomas fisicos e disturbio do sono associados ao uso do smartphone.","prejuizo e bem-estar digital","dimensao_de_prejuizo","CANDIDATE_HARM_DIMENSION: DailyLifeDisturbance candidateBroaderType FunctionalHarm","partOf SmartphoneAddictionScale; associatedWith ConcentrationDifficulty; associatedWith SleepDisturbance; associatedWith PhysicalDiscomfort","SAS","dificuldade de concentracao; sono; dores; tarefas perdidas","estudo de validacao de escala","Discussion","Boa ponte entre instrumento e prejuizo funcional."
"P001","Abstinencia subjetiva","withdrawal","A dimensao withdrawal descreve impaciencia, irritacao, pensamento constante no smartphone e dificuldade de abrir mao do uso quando impedido.","compulsao; autorregulacao","dimensao_psicologica","CANDIDATE_PSYCHOLOGICAL_DIMENSION: WithdrawalLikeSymptom candidateBroaderType PsychologicalFeature","partOf SmartphoneAddictionScale; relatedTo LossOfControl; relatedTo NegativeAffectWhenUnavailable","SAS","irritacao; impaciencia; preocupacao persistente","estudo de validacao de escala","Discussion","Tratar como sintoma semelhante a abstinencia, nao evidencia neurobiologica."
"P001","Antecipacao positiva","positive anticipation","A dimensao positive anticipation captura expectativas de excitacao, alivio de estresse e sensacao de vazio sem smartphone.","compulsao; bem-estar digital","dimensao_psicologica","CANDIDATE_PSYCHOLOGICAL_DIMENSION: PositiveAnticipation candidateBroaderType MotivationFeature","partOf SmartphoneAddictionScale; relatedTo MoodRegulation; relatedTo RewardExpectation","SAS","alivio de estresse; vazio subjetivo","estudo de validacao de escala","Discussion","Relacionar depois com reforco positivo/negativo em Elhai."
"P001","Limitacao da SAS inicial","weak theoretical base and standardization limitation","Os autores reconhecem base teorica ainda fraca, amostra limitada e necessidade de validar a escala considerando especificidades do telefone movel/smartphone.","metodologia; instrumentos e metricas","lacuna_de_evidencia","EVIDENCE_LIMITATION: SASInitialValidationLimitation candidateBroaderType ResearchLimitation","affects SmartphoneAddictionScale; concerns Generalizability; concerns ConstructValidity","SAS","NA - nao aplicavel","limitacao reconhecida pelos autores","Discussion","Importante para nao tomar a SAS como padrao-ouro."
"P001","Relacionamento orientado ao ciberespaco","cyberspace-oriented relationship","A dimensao cyberspace-oriented relationship captura centralidade de relacoes mediadas pelo smartphone/SNS e possivel deslocamento relativo de relacoes presenciais.","bem-estar digital; mecanismos digitais","dimensao_relacional","SCALE_DIMENSION: CyberspaceOrientedRelationship candidateBroaderType SocialBehaviorPattern","partOf SmartphoneAddictionScale; relatedTo SNSUse; associatedWith PotentialOfflineRelationshipDisplacement","SAS","deslocamento relacional; checagem social","analise fatorial","Table 2; Discussion","Eixo util para conectar redes sociais, pertencimento e retencao social. Revisao semantica 2026-05-24: deslocamento relacional tratado como associacao potencial."
"P001","Uso excessivo como dimensao","overuse","A dimensao overuse descreve uso prolongado ou dificil de interromper e urgencia de retomar o uso, mas deve ser separada da mera frequencia agregada de uso.","autorregulacao; uso problematico de smartphone","comportamento_observavel","CANDIDATE_BEHAVIOR_PATTERN: SmartphoneOveruse candidateBroaderType ProblematicSmartphoneUseFeature","partOf SmartphoneAddictionScale; relatedTo ProlongedUse; relatedTo UrgeToUse; associatedWith DailyLifeDisturbance","SAS","tempo excessivo; interferencia cotidiana","analise fatorial","Table 2; Discussion","Separar padrao de uso excessivo de tempo de tela isolado. Revisao semantica 2026-05-24: interferencia cotidiana tratada como associacao de dimensao, nao efeito necessario."
"P001","Tolerancia como falha de controle","tolerance","Na SAS, o fator tolerance aparece ligado a tentativas malsucedidas de reduzir uso e reconhecimento externo de uso excessivo, funcionando mais como falha de controle do que como tolerancia neurobiologica.","autorregulacao; compulsao","dimensao_psicologica","CANDIDATE_PSYCHOLOGICAL_DIMENSION: ControlFailure candidateBroaderType SelfRegulationFailure","partOf SmartphoneAddictionScale; overlapsWith Tolerance; hasIndicator FailedReductionAttempt; relatedTo ExcessiveUseFeedback","SAS","perda de controle percebida","analise fatorial","Table 2; Discussion","Usar termo tolerance com cautela ontologica."
"P001","Evidencia psicometrica da SAS","Cronbach alpha; concurrent validity","A SAS apresentou alta consistencia interna e validade concorrente com K-scale, Y-scale e VAS dos fatores na amostra inicial.","instrumentos e metricas","evidencia_psicometrica","EVIDENCE_STATEMENT: SASPsychometricEvidence candidateBroaderType PsychometricEvidence","supports SmartphoneAddictionScale; concerns InternalConsistency; concerns ConcurrentValidity","SAS; K-scale; Y-scale; VAS","NA - nao aplicavel","validacao psicometrica transversal","Results; Table 3","Evidencia valida escores na amostra, mas nao resolve status diagnostico do constructo."
"P002","SAS-SV","Smartphone Addiction Scale - Short Version","A SAS-SV foi desenvolvida como versao curta de 10 itens para triagem de smartphone addiction em adolescentes, visando uso comunitario e pesquisa.","instrumentos e metricas","instrumento_psicometrico","INSTRUMENT: SmartphoneAddictionScaleShortVersion candidateBroaderType ProblematicSmartphoneUseScale","shortVersionOf SmartphoneAddictionScale; measures SmartphoneAddictionRisk; designedFor Adolescents","SAS-SV; 10 items","NA - nao aplicavel","estudo de desenvolvimento e validacao de escala","Abstract; Introduction; Discussion","Instrumento pratico para triagem, nao diagnostico clinico isolado."
"P002","Populacao adolescente","adolescents","O estudo da SAS-SV foi conduzido com 540 estudantes de segundo ano do ensino fundamental coreano, media de idade 14,5 anos.","instrumentos e metricas","populacao_de_estudo","EVIDENCE_CONTEXT: AdolescentSample candidateBroaderType StudySample","usedInValidationOf SmartphoneAddictionScaleShortVersion","SAS-SV","NA - nao aplicavel","validacao de escala","Materials and Methods; Participants","Registrar limites culturais e etarios antes de generalizar."
"P002","Pontos de corte por genero","gender-specific cut-off values","A SAS-SV propos pontos de corte diferentes por genero: 31 para meninos e 33 para meninas, com bom desempenho ROC no estudo inicial.","instrumentos e metricas","parametro_de_instrumento","MEASUREMENT_PARAMETER: ScaleCutoff candidateBroaderType MeasurementThreshold","thresholdFor SmartphoneAddictionScaleShortVersion; variesBy Gender","SAS-SV; boys cutoff 31; girls cutoff 33","NA - nao aplicavel","validacao por ROC","Diagnostic Ability of the SAS-SV; Discussion","Nao transportar automaticamente para outras populacoes sem validacao."
"P002","Triagem preventiva","screening tool","Os autores enfatizam que a SAS-SV serve para identificar risco e grupos de alto risco, nao para diagnosticar patologicamente smartphone addiction em contexto clinico isolado.","instrumentos e metricas","uso_de_instrumento","INSTRUMENT_USE: ScreeningUse candidateBroaderType InstrumentUse","appliesTo SmartphoneAddictionScaleShortVersion; notEquivalentTo ClinicalDiagnosis","SAS-SV","prevencao; identificacao comunitaria","discussao de validacao","Discussion","Alinha com cautela do TCC sobre nao assumir diagnostico formal."
"P002","Limitacao de generalizacao","regional adolescent sample limitation","A validacao foi feita em regiao especifica e com controle demografico limitado, exigindo novas validacoes em amostras variadas.","metodologia; instrumentos e metricas","lacuna_de_evidencia","EVIDENCE_LIMITATION: SASSVValidationLimitation candidateBroaderType ResearchLimitation","affects SmartphoneAddictionScaleShortVersion; concerns Generalizability; concerns ClinicalUse","SAS-SV","NA - nao aplicavel","limitacao reconhecida pelos autores","Discussion","Registrar como restricao para uso ontologico de thresholds."
"P002","Cautela clinica da SAS-SV","not pathologically diagnose","A discussao indica que a SAS-SV distingue nivel de risco ou grupo de alto risco, mas seus achados nao devem ser usados como diagnostico patologico isolado.","metodologia; instrumentos e metricas","lacuna_de_evidencia","EVIDENCE_LIMITATION: SASSVClinicalUseLimitation candidateBroaderType ResearchLimitation","limits DiagnosticUse; appliesTo SmartphoneAddictionScaleShortVersion","SAS-SV","NA - nao aplicavel","limitacao metodologica declarada","Discussion; Limitations","Nao tratar pontuacao como diagnostico de addiction sem avaliacao clinica."
"P005","Uso problemático de smartphone e psicopatologia","problematic smartphone use and psychopathology","A revisao conceitual/sistematica analisou relacoes entre PSU e severidade de psicopatologia, destacando depressao, ansiedade, estresse cronico e autoestima.","uso problematico de smartphone; prejuizo e bem-estar digital","relacao_conceitual","CANDIDATE_CONCEPTUAL_RELATION: ProblematicSmartphoneUsePsychopathologyRelation candidateBroaderType AssociationFinding","associates ProblematicSmartphoneUse with DepressionSeverity; associates ProblematicSmartphoneUse with AnxietySeverity; associates ProblematicSmartphoneUse with Stress; noCausalDirectionAsserted","standardized PSU measures","depressao; ansiedade; estresse; autoestima","revisao sistematica","Abstract; Aims; Results","Associacao, nao causalidade."
"P005","Depressao associada a PSU","depression severity","A severidade de depressao aparece consistentemente relacionada a PSU, com efeitos ao menos medios antes de ajuste; efeitos ficam menores apos controle de variaveis relevantes.","prejuizo e bem-estar digital","achado_empirico","EVIDENCE_STATEMENT: DepressionSeverityAssociation candidateBroaderType AssociationFinding","associatedWith ProblematicSmartphoneUse; evidenceStrength MediumEffectBeforeAdjustment; noCausalDirectionAsserted","NA - nao reportado na matriz atual","depressao","revisao sistematica de estudos correlacionais","Abstract; Results","Nao inferir direcao causal."
"P005","Ansiedade associada a PSU","anxiety severity","A ansiedade tambem aparece consistentemente relacionada a PSU, mas com efeitos pequenos na sintese de Elhai et al.","prejuizo e bem-estar digital","achado_empirico","EVIDENCE_STATEMENT: AnxietySeverityAssociation candidateBroaderType AssociationFinding","associatedWith ProblematicSmartphoneUse; evidenceStrength SmallEffect; noCausalDirectionAsserted","NA - nao reportado na matriz atual","ansiedade","revisao sistematica de estudos correlacionais","Abstract; Results","Combinar com P004 reassurance pathway e P006 meta-analise."
"P005","Uso compensatorio","compensatory use","O artigo distingue uso compensatorio como motivacao de fuga de problemas/deveres ou evitacao de emocao negativa, sem equivaler automaticamente a uso problematico.","autorregulacao; bem-estar digital","mecanismo_psicologico","PROPOSED_MECHANISM: CompensatorySmartphoneUse candidateBroaderType SmartphoneUseMotivation","proposedMotivationFor ProblematicSmartphoneUse; aimsToAvoid NegativeAffect; aimsToEscape RealWorldProblems","NA - nao aplicavel","evitacao emocional; escape de deveres","revisao conceitual","Background; Addiction construct","Importante para diferenciar motivacao, padrao e prejuizo. Revisao semantica 2026-05-24: motivacao proposta, nao causa suficiente."
"P005","Habito de checagem","habitual checking","Notificacoes e alertas podem funcionar como pistas para checagem automatica, e a repeticao pode atuar como gateway para aumento de uso potencialmente problematico.","compulsao; mecanismos digitais","mecanismo_psicologico","PROPOSED_MECHANISM: HabitualChecking as habitual smartphone-use pattern/proposed mechanism","cueAssociatedWith NotificationCue; proposedMechanismFor IncreasedSmartphoneUse; relatedTo Automaticity","NA - nao aplicavel","checagem repetida; resposta a notificacoes","revisao conceitual","Background; causal pathways","Ponto forte para conectar Psicologia a mecanismos digitais. Revisao semantica 2026-05-24: notificacao tratada como pista associada, nao gatilho causal necessario."
"P005","FOMO como caminho de uso","fear of missing out","FoMO e descrito como relutancia em perder informacoes ou recompensas sociais, associada a necessidade de permanecer conectado e a overuse de tecnologia.","compulsao; bem-estar digital","mecanismo_psicologico","PROPOSED_MECHANISM: FearOfMissingOut candidateBroaderType PsychologicalFeature","proposedMotivationFor ProblematicSmartphoneUse; relatedTo SocialInformation; relatedTo PersistentConnectivity","NA - nao aplicavel","uso social; ansiedade social; conectividade persistente","revisao conceitual","Background; causal pathways","Candidato para classe/tecnica psicologica conectada a apps sociais. Revisao semantica 2026-05-24: motivacao proposta, nao causa suficiente."
"P005","Limitacao correlacional","correlational evidence limitation","A revisao incluiu apenas estudos correlacionais na sintese sistematica principal, portanto as relacoes com psicopatologia nao estabelecem causalidade.","metodologia","lacuna_de_evidencia","EVIDENCE_LIMITATION: CorrelationalEvidenceLimitation candidateBroaderType ResearchLimitation","limitsCausalInferenceFor MentalHealthAssociation","NA - nao aplicavel","NA - nao aplicavel","limitacao metodologica","Abstract; Limitations; Method","Usar em auditoria para evitar linguagem causal no TCC."
"P006","Prevalencia de PSU em jovens","prevalence of PSU amongst CYP","A revisao/meta-analise estimou mediana de prevalencia de PSU em criancas e jovens de 23,3 por cento, com intervalo interquartil de 14,0 a 31,2 por cento.","uso problematico de smartphone","achado_empirico","EVIDENCE_STATEMENT: ProblematicSmartphoneUsePrevalenceEstimate candidateBroaderType PrevalenceFinding","estimatedFor ChildrenAndYoungPeople; measuredBy ProblematicSmartphoneUseScale","SAS-SV; SAPS; other scales","NA - nao aplicavel","revisao sistematica e meta-analise GRADE","Abstract; Results; Estimating prevalence","Valor util como contexto, mas depende de definicoes e escalas heterogeneas."
"P006","Definicao operacional de PSU em jovens","PSU associated with dysfunctional use","O estudo definiu PSU como uso de smartphone associado a algum elemento de uso disfuncional, como ansiedade quando o telefone nao esta disponivel ou negligencia de outras atividades.","uso problematico de smartphone","definicao_operacional","OPERATIONAL_DEFINITION: ProblematicSmartphoneUse withCriteria DysfunctionalUseElement","includes AnxietyWhenUnavailable; includes NeglectOfOtherActivities; measuredBy SAS or MPPUS","SAS; MPPUS","NA - nao aplicavel","revisao sistematica","Methods; Problematic smartphone usage","Definicao operacional adequada para corpus central."
"P006","Depressao em jovens com PSU","depression odds","Em criancas e jovens com PSU, a meta-analise encontrou maior odds de depressao, com OR 3,17 e GRADE moderado para esse desfecho.","prejuizo e bem-estar digital","achado_empirico","EVIDENCE_STATEMENT: DepressionAssociationFinding candidateBroaderType AssociationFinding","associatedWith ProblematicSmartphoneUse; hasOddsRatio 3.17; hasEvidenceQuality ModerateGRADE; noCausalDirectionAsserted","NA - nao reportado na matriz atual","depressao","meta-analise GRADE","Abstract; PSU associated with mental health outcomes; Depression","Associacao forte, mas ainda observacional."
"P006","Ansiedade em jovens com PSU","anxiety odds","A associacao entre PSU e ansiedade em criancas e jovens foi positiva; apos tratar heterogeneidade, o OR reportado foi 3,05 com GRADE baixo.","prejuizo e bem-estar digital","achado_empirico","EVIDENCE_STATEMENT: AnxietyAssociationFinding candidateBroaderType AssociationFinding","associatedWith ProblematicSmartphoneUse; hasOddsRatio 3.05; hasEvidenceQuality LowGRADE; noCausalDirectionAsserted","NA - nao reportado na matriz atual","ansiedade","meta-analise GRADE","Abstract; Anxiety","Manter cautela pela heterogeneidade."
"P006","Estresse percebido em jovens com PSU","perceived stress odds","A meta-analise encontrou associacao entre PSU e estresse percebido, com OR 1,86 e GRADE baixo.","prejuizo e bem-estar digital","achado_empirico","EVIDENCE_STATEMENT: PerceivedStressAssociationFinding candidateBroaderType AssociationFinding","associatedWith ProblematicSmartphoneUse; hasOddsRatio 1.86; hasEvidenceQuality LowGRADE; noCausalDirectionAsserted","NA - nao reportado na matriz atual","estresse percebido","meta-analise GRADE","Abstract; Stress","Relacionar com autorregulacao e uso compensatorio."
"P006","Sono ruim em jovens com PSU","poor sleep quality odds","A meta-analise encontrou associacao entre PSU e pior qualidade de sono, com OR 2,60 e GRADE baixo.","prejuizo e bem-estar digital","achado_empirico","EVIDENCE_STATEMENT: PoorSleepQualityAssociationFinding candidateBroaderType AssociationFinding","associatedWith ProblematicSmartphoneUse; hasOddsRatio 2.60; hasEvidenceQuality LowGRADE; noCausalDirectionAsserted","NA - nao reportado na matriz atual","sono ruim","meta-analise GRADE","Abstract; Sleep","Bom candidato de prejuizo funcional/saude."
"P006","Desempenho educacional","educational attainment","O estudo incluiu desempenho escolar como medida de prejuizo funcional; os resultados foram consistentes o suficiente para sintese narrativa, mas nao foram agrupados em meta-analise por variacao das medidas.","prejuizo e bem-estar digital","dimensao_de_prejuizo","CANDIDATE_HARM_DIMENSION: EducationalAttainmentAssociationFinding candidateBroaderType AssociationFinding","associatedWith ProblematicSmartphoneUse; evidenceType NarrativeSynthesis; noCausalDirectionAsserted","NA - nao aplicavel","desempenho escolar","revisao sistematica","Methods; Educational attainment","Relacionar com P008 futuramente."
"P006","Cautela causal e qualidade da evidencia","reverse causality and self-report limitation","Os autores destacam risco de vies por estudos nao randomizados, definicoes/thresholds variados, desfechos autorrelatados e impossibilidade de excluir causalidade reversa.","metodologia","lacuna_de_evidencia","EVIDENCE_LIMITATION: PSUMentalHealthEvidenceLimitation candidateBroaderType ResearchLimitation","limitsCausalInferenceFor ProblematicSmartphoneUseMentalHealthAssociation; concerns SelfReport; concerns HeterogeneousThresholds","NA - nao aplicavel","NA - nao aplicavel","avaliacao GRADE e discussao de limitacoes","Strengths and limitations; Implications","Essencial para linguagem cautelosa na sintese."
"P012","Monitoramento passivo objetivo","passive objective monitoring","O artigo define monitoramento passivo como coleta unobtrusiva de dados por smartphone, sem entrada ativa do participante, permitindo observar padroes de comportamento em tempo real e por periodos continuos.","instrumentos e metricas; mecanismos digitais","metodo_de_mensuracao","CANDIDATE_MEASUREMENT_METHOD: PassiveObjectiveMonitoring","collectsBehaviouralTraceData; doesNotRequireActiveUserEntry; contrastsWith ActiveSmartphoneAssessment; complements SelfReportMeasure","smartphone logs; passive monitoring apps","NA - nao aplicavel","revisao sistematica; definicao metodologica","Introduction paragraphs p0040-p0050; Method p0055","Metodo de mensuracao, nao constructo psicologico. Usar para camada de evidencia objetiva/passiva."
"P012","Metricas objetivas/passivas de uso","screen time; app usage; usage patterns","As medidas passivas podem capturar tempo de tela, tempo de uso em minutos/horas, screen on/off, uso de aplicativos, launches, pickups/checks, notificacoes e padroes de comportamento ao longo do tempo.","instrumentos e metricas; uso problematico de smartphone","metrica_objetiva","CANDIDATE_MEASURE_FAMILY: ObjectivePassiveUsageMetric includes ScreenTimeMetric, ScreenOnOffMetric, AppUsageMetric, AppLaunchMetric, CheckingFrequencyMetric, NotificationMetric","candidateIndicatorFor ProblematicSmartphoneUse; lacksContextualSpecificity; notEquivalentTo ProblematicSmartphoneUse","screen time; screen on/off; most used apps; app launches; length of app use; notifications","NA - nao aplicavel","revisao sistematica; recomendacao metodologica","Abstract; Results p0085-p0105; Recommendations p0205-p0210","Metricas sao proxies comportamentais; nao devem substituir avaliacao de prejuizo/contexto."
"P012","Limites do autorrelato para comportamento automatico","self-report measures; automatic processes; retrospective estimates","A revisao argumenta que medidas de autorrelato e escalas psicometricas nem sempre capturam comportamentos automaticos, frequentes e retrospectivamente dificeis de estimar, especialmente checagens curtas e repetidas.","instrumentos e metricas; autorregulacao","limitacao_metodologica","EVIDENCE_LIMITATION: SelfReportMayMissAutomaticBehaviour","limitsMeasurementOf AutomaticChecking; limits RetrospectiveEstimation; contrastsWith PassiveMonitoring","self-report psychometric scales; retrospective estimates; passive monitoring apps","NA - nao aplicavel","revisao sistematica; justificativa metodologica","Introduction p0035-p0045","Complementa P003/P001/P002: escalas sao importantes, mas nao capturam todos os padroes automaticos."
"P012","Tempo de uso como indicador limitado","usage time; screen time; predefined usage cut-off","Tempo de uso foi a funcao mais monitorada, mas cutoffs de quatro a oito horas por dia variaram entre estudos; excesso de tempo nao indica necessariamente uso problematico sem considerar contexto, finalidade e tipo de atividade.","instrumentos e metricas; uso problematico de smartphone","cautela_conceitual","EVIDENCE_ASSESSMENT: ScreenTimeCutoffLimitation candidateBroaderType MeasurementLimitation","limits DiagnosticUseOf ScreenTimeMetric; requiresContext SmartphoneUseContext; distinguishes RequiredUse from ProblematicUse","screen time; usage time; cutoffs 4-8 h/day","NA - nao aplicavel","revisao sistematica; discussao metodologica","Discussion p0170-p0175; Recommendations p0210","Nao transformar tempo de tela em criterio diagnostico fixo. Manter separado de prejuizo funcional."
"P012","Padrao de checagem habitual","checking behaviours; pickups; frequency of use; Time per Interaction","Pickups, timestamps, screen on/off, notificacoes e Time per Interaction podem ajudar a inferir checagem frequente, interacoes curtas/fragmentadas e uso habitual ou automatico associado a PSU.","compulsao; autorregulacao; mecanismos digitais","comportamento_observavel","CANDIDATE_MEASURE: CheckingFrequency","candidateIndicatorOf HabitualSmartphoneUse; associatedWith ProblematicSmartphoneUse; measuredBy PickupCount, ScreenOnOffCount, TimePerInteraction, TimestampLog; noCausalDirectionAsserted","pickups; timestamps; screen on/off; Time per Interaction; notifications","NA - nao aplicavel","revisao sistematica; sintese de achados comportamentais","Objective assessment 3.3.2 p0120-p0130; Discussion p0180","Hábito nao e necessariamente negativo; modelar como indicador comportamental contextual, nao como prejuizo por si so."
"P012","Notificacao como pista de checagem","notifications as predictive measure; request for user attention","Notificacoes nao sao comportamento do usuario em si, mas podem ser monitoradas objetivamente como pista ou medida preditiva de checagem e resposta atencional ao smartphone.","atencao; mecanismos digitais; compulsao","sinal_contextual","CANDIDATE_MEASURE: NotificationCount","indirectPredictorOf CheckingBehaviour; cueAssociatedWith SmartphonePickup; requestsUserAttention; notDirectBehaviourMeasure","notification count; pickup count; screen activation","distracao potencial; checagem potencial","revisao sistematica; interpretacao metodologica","Results p0105; Objective assessment 3.3.2 p0120; Discussion p0180; Recommendations p0210","Evitar causalidade forte: notificacao como pista associada/preditiva, nao gatilho necessario."
"P012","Aplicativos especificos e contexto de uso","most used applications; app launches; length of app use; problematic vs required usage","Medidas por aplicativo, launches e duracao de uso ajudam a distinguir uso potencialmente problematico de uso requerido, porque tempo total de smartphone pode refletir trabalho, estudo, comunicacao ou lazer.","bem-estar digital; mecanismos digitais; instrumentos e metricas","indicador_contextual","CANDIDATE_CONTEXTUAL_INDICATOR: AppUsageContext candidateBroaderType SmartphoneUseContext","distinguishes RequiredUse from ProblematicUse; contextualizes ScreenTimeMetric; measuredBy MostUsedApps, AppLaunchCount, AppUseDuration","most used applications; app launches; length of app use","NA - nao aplicavel","revisao sistematica; recomendacao metodologica","Discussion p0175; Recommendations p0210","Importante para ontologia separar meio, app, finalidade e prejuizo."
"P012","Limites eticos e tecnicos do monitoramento passivo","battery life; dropout; privacy; data volume; mapping passive data","O monitoramento passivo enfrenta desafios de duracao da coleta, bateria, dropout, privacidade, volume de dados e dificuldade de mapear dados comportamentais para variaveis psicologicas especificas.","metodologia; instrumentos e metricas","limitacao_etica_metodologica","EVIDENCE_LIMITATION: PassiveMonitoringPrivacyAndInterpretationRisk","requiresPrivacySafeguards; difficultToMapToPsychologicalVariables; concerns BatteryImpact; concerns ParticipantDropout; concerns DataInterpretation","logs passivos; sensores/apps de smartphone; Screen Time iOS","privacy risk; participant reactivity/dropout risk; battery burden; interpretation risk","revisao sistematica; limitacao metodologica","Methodological challenges 4.2 p0190-p0200; Limitations p0225","Dados objetivos nao sao verdade pura; exigem interpretacao teorica, consentimento e protecao de privacidade."
"P009","Regulacao emocional","emotion regulation","O artigo enquadra regulacao emocional como processo amplo de controle e modulacao das emocoes que favorece adaptacao, funcionamento e bem-estar; dificuldades nesse processo sao tratadas como desregulacao emocional.","autorregulacao; prejuizo e bem-estar digital","dimensao_psicologica","CANDIDATE_PSYCHOLOGICAL_DIMENSION: EmotionRegulation candidateBroaderType PsychologicalProcess","supports SelfRegulationCapacity; relatedTo Wellbeing; inverseRiskRelatedTo EmotionDysregulation","ERQ; CERQ; DERS; DERS-18; DERS-SF; EMSS; ERSA","NA - nao aplicavel","revisao sistematica e meta-analise; enquadramento conceitual","Introduction; Abstract; Table 1 abbreviations","Modelar regulacao emocional como processo psicologico amplo, nao como escala nem diagnostico."
"P009","Desregulacao emocional associada a PSU","emotion dysregulation; problematic smartphone use","A revisao incluiu 21 estudos e 8223 participantes; 17 de 18 estudos com escore total de PSU indicaram associacao positiva entre desregulacao emocional e PSU, e as meta-analises encontraram correlacoes positivas moderadas entre ED e PSU.","autorregulacao; uso problematico de smartphone","achado_empirico","EVIDENCE_STATEMENT: EmotionDysregulationPSUAssociation candidateBroaderType AssociationFinding","associatedWith ProblematicSmartphoneUse; measuredBy DERS, DERS-SF, SAS, SPAI; hasPooledCorrelationApprox 0.416; noCausalDirectionAsserted","DERS; DERS-SF; SAS; SPAI; pooled r 0.416 and 0.42 in subgroup meta-analyses","dificuldade de regulacao emocional associada a PSU","revisao sistematica e meta-analise de estudos transversais","Abstract; Results 3.1.6; Discussion paragraph on overall findings","Associacao moderada, nao causalidade; meta-analise teve alta heterogeneidade entre estudos."
"P009","Dominios de desregulacao emocional relacionados a PSU","expressive suppression; impulse control difficulties; lack of emotional clarity; rumination; catastrophizing; self-blame; blaming others","Sete dominios de desregulacao emocional foram consistentemente correlacionados positivamente com PSU: supressao expressiva, dificuldades de controle de impulso, falta de clareza emocional, ruminacao, catastrofizacao, auto-culpa e culpar outros.","autorregulacao; compulsao","dimensao_psicologica","CANDIDATE_PSYCHOLOGICAL_DIMENSION: EmotionDysregulationDomain candidateBroaderType PsychologicalFeature","domainAssociatedWith ProblematicSmartphoneUse; includes ExpressiveSuppression; includes ImpulseControlDifficulty; includes Rumination; includes Catastrophizing; noCausalDirectionAsserted","DERS; CERQ; ERQ; ED domain correlations","ruminacao; catastrofizacao; baixa clareza emocional; dificuldade de controle de impulso","sintese de dominios em revisao sistematica","Results 3.1.7; Discussion paragraph on seven ED domains","Tratar dominios como features psicologicas candidatas; nao transformar em criterios necessarios de PSU."
"P009","Supressao expressiva e PSU","expressive suppression","Supressao expressiva foi o dominio de regulacao emocional confirmado em meta-analise especifica, mas com correlacao positiva fraca com PSU; um achado indicou relacao com uso de conteudo/entretenimento, nao com uso social/interpessoal.","autorregulacao; mecanismos digitais","achado_empirico","EVIDENCE_STATEMENT: ExpressiveSuppressionPSUAssociation candidateBroaderType AssociationFinding","associatedWith ProblematicSmartphoneUse; weakAssociationWith PSU; mayRelateTo ContentOrEntertainmentUse; notConsistentlyAssociatedWith SocialSupportUse; noCausalDirectionAsserted","ERQ expressive suppression; pooled r 0.14 in meta-analysis","uso de smartphone como possivel supressao/distração de afeto negativo","meta-analise de subdominio e achado de estudo individual","Abstract; Results 3.1.7; Discussion paragraph on expressive suppression and content/entertainment use","Usar como ponte cautelosa para motivacao de uso e mecanismos digitais; evidencia de dominio especifico e fraca/mista."
"P009","Desregulacao emocional e dimensoes de PSU","positive anticipation; cyberspace-oriented relationship; tolerance; functional impairment; frequency of use; amount of use","A associacao entre ED e PSU variou por dominio: ED foi relacionada a antecipacao positiva, relacionamento orientado ao ciberespaco, tolerancia e prejuizo funcional em alguns estudos, mas nao apareceu de modo consistente para disturbio da vida diaria, abstinencia, frequencia ou quantidade de uso.","autorregulacao; instrumentos e metricas; uso problematico de smartphone","relacao_conceitual","CANDIDATE_CONCEPTUAL_RELATION: EmotionDysregulationRelatesToSpecificPSUDomains","associatedWith PositiveAnticipation; associatedWith CyberspaceOrientedRelationship; associatedWith ToleranceLikeControlFailure; associatedWith FunctionalImpairment; notEquivalentTo SmartphoneUseFrequency; notEquivalentTo AmountOfUse","SAS domains; SPAI functional impairment; frequency/amount of use measures","prejuizo funcional como dominio associado em SPAI; quantidade/frequencia insuficientes","sintese de dominios e estudos individuais em revisao sistematica","Results 3.1.6; Discussion paragraph on PSU domains and amount/frequency of use","Reforca separacao ontologica entre dimensoes psicologicas de PSU e metricas agregadas de uso."
"P009","Limitacao causal e heterogeneidade em ER-PSU","cross-sectional design; heterogeneity; direction of relationship","Todos os estudos incluidos foram transversais e classificados como nivel IV; os autores destacam heterogeneidade conceitual e de medidas em ER/PSU e necessidade de estudos que investiguem a direcao da relacao entre desregulacao emocional e PSU.","metodologia; autorregulacao","lacuna_de_evidencia","EVIDENCE_LIMITATION: EmotionRegulationPSUCausalInferenceLimitation candidateBroaderType ResearchLimitation","limitsCausalInferenceFor EmotionDysregulationPSUAssociation; concerns CrossSectionalEvidence; concerns MeasurementHeterogeneity; requires LongitudinalEvidence","NHMRC level IV evidence; heterogeneous ER and PSU measures","NA - nao aplicavel","avaliacao de qualidade e limitacao declarada pelos autores","Results 3.1.2 Quality Assessment; Strengths and Limitations; Discussion on direction of relationship","Gate anti-causalidade: nao afirmar que ED causa PSU nem que PSU causa ED nesta matriz."
"P014","Distracao por smartphone","smartphone distraction","O artigo conceitua distracao por smartphone como processo cognitivo-emotivo multidimensional ligado a perda de atencao, vigilancia online, uso do smartphone para regulacao emocional e multitarefa, podendo operar como estrategia adaptativa ou maladaptativa no contexto digital.","atencao; autorregulacao; mecanismos digitais","classe_conceitual","CANDIDATE_CONCEPT: SmartphoneDistraction candidateBroaderType DigitalAttentionDisruption","relatedTo AttentionalControl; relatedTo EmotionRegulation; associatedWith ProblematicSmartphoneUse; associatedWith CheckingBehaviour; noCausalDirectionAsserted","Smartphone Distraction Scale (SDS)","perda atencional; possivel interferencia em atividades; possivel uso para alivio de sofrimento","desenvolvimento conceitual e validacao psicometrica","Abstract; Introduction; Smartphone Distraction and Relevant Psychological Constructs; Discussion","Modelar como constructo psicologico-digital, nao como diagnostico nem criterio suficiente de PSU."
"P014","Smartphone Distraction Scale","Smartphone Distraction Scale; SDS","A SDS foi desenvolvida e validada como escala de 16 itens, em formato Likert de 5 pontos, para medir distracao por smartphone em quatro fatores: atencao impulsiva, vigilancia online, regulacao emocional e multitarefa.","instrumentos e metricas; atencao","instrumento_psicometrico","INSTRUMENT: SmartphoneDistractionScale candidateBroaderType PsychometricInstrument","measures SmartphoneDistraction; hasFactor AttentionImpulsiveness; hasFactor OnlineVigilance; hasFactor EmotionRegulation; hasFactor Multitasking; notDiagnosticInstrument","16-item SDS; 5-point Likert; overall Cronbach alpha 0.87","NA - nao aplicavel","validacao psicometrica com EFA, CFA, validade de constructo e invariancia por genero","Abstract; Scale Development; Psychometric Properties of the Smartphone Distraction Scale; Reliability","Instrumento de rastreio/medida de distracao; nao diagnostica dependencia, PSU ou transtorno atencional."
"P014","Dimensoes da SDS","attention impulsiveness; online vigilance; emotion regulation; multitasking","O modelo final da SDS organiza a distracao por smartphone em quatro fatores: impulsividade atencional ligada a notificacoes/presenca do aparelho, vigilancia online e checagem, uso para regulacao emocional e multitarefa/interferencia.","atencao; autorregulacao; mecanismos digitais","dimensao_de_instrumento","SCALE_DIMENSION: SmartphoneDistractionDimension candidateBroaderType PsychometricScaleFactor","partOf SmartphoneDistractionScale; includes AttentionImpulsiveness; includes OnlineVigilance; includes SmartphoneDistractionEmotionRegulation; includes SmartphoneMultitasking","SDS subscales: alpha 0.84, 0.74, 0.80, 0.75 respectively","interferencia cotidiana; atencao dividida; pre-ocupacao online","estrutura fatorial e consistencia interna","Scale Development; Results Psychometric Properties; Reliability; Discussion","Fatores da escala, nao criterios ontologicos obrigatorios para definir PSU."
"P014","Distracao e autorregulacao deficiente","deficient self-regulation; problematic social media use","A SDS apresentou associacoes com autorregulacao deficiente, uso problematico de redes sociais, menor controle atencional e menor atencao plena, apoiando validade convergente e uma ponte cautelosa entre distracao, checagem e uso problematico.","autorregulacao; atencao; uso problematico de smartphone","achado_empirico","EVIDENCE_STATEMENT: SmartphoneDistractionSelfRegulationAssociation candidateBroaderType AssociationFinding","associatedWith DeficientSelfRegulation; associatedWith ProblematicSocialMediaUse; inverselyAssociatedWith AttentionalControl; inverselyAssociatedWith MindfulAttention; proposedPathwayFor ProblematicSmartphoneUse; noCausalDirectionAsserted","SDS correlations: social media addiction 0.595; deficient self-regulation 0.470; attentional control -0.365; mindful attention -0.514","autorregulacao deficiente; menor controle atencional; uso problematico de redes sociais","validade convergente e correlacional em estudo psicometrico","Table 5 criterion-related validity; Discussion paragraph on convergent validity","Associacao empirica direta mais forte e com uso problematico de redes sociais; ponte para PSU deve permanecer conceitual e cautelosa."
"P014","Pistas digitais e descontinuidade atencional","notifications; exogenous cues; endogenous cues; attention discontinuity","O artigo adapta modelos de atencao para explicar distracao por smartphone como conflito entre pistas externas, como notificacoes, e pistas internas, como expectativas e preocupacoes, resultando em descontinuidade atencional e dificuldades de controle executivo.","mecanismos digitais; atencao; compulsao","relacao_conceitual","CANDIDATE_CONCEPTUAL_RELATION: SmartphoneCueAttentionDiscontinuity","NotificationCue relatedTo ExogenousAttentionCue; OnlineExpectation relatedTo EndogenousAttentionCue; cueConflictAssociatedWith AttentionDiscontinuity; relatedTo ExecutiveControlDifficulty; noCausalDirectionAsserted","modelo de redes atencionais de Posner adaptado para distracao por smartphone","descontinuidade da atencao; dificuldade de inibicao/controle executivo","enquadramento teorico usado na construcao da escala","Introduction; Figure 1; Smartphone Distraction and Relevant Psychological Constructs","Usar para ligar notificacoes/checagem a mecanismos atencionais, sem afirmar causalidade universal."
"P014","Limites de generalizacao da SDS","test-retest reliability; convenience self-selected sample; self-report questionnaires","Os autores indicam que a SDS ainda requer investigacao com amostras etnicamente diversas, diferentes idades, outros contextos, estabilidade teste-reteste, invariancia transcultural, validade preditiva e combinacao com dados comportamentais/biometricos.","metodologia; instrumentos e metricas","lacuna_de_evidencia","EVIDENCE_LIMITATION: SmartphoneDistractionScaleValidationLimitation candidateBroaderType ResearchLimitation","limitsGeneralizationOf SmartphoneDistractionScale; concerns ConvenienceStudentSample; concerns SelfReportBias; requires TestRetestReliability; requires CrossCulturalValidation; requires PredictiveValidity; couldBeComplementedBy BehaviouralData","SDS; self-report questionnaires; potential behavioral and biometric data","NA - nao aplicavel","limitacoes declaradas pelos autores e agenda de validacao futura","Discussion paragraphs on further investigation and potential limitations","Nao generalizar para todos os usuarios, culturas, idades ou dispositivos; amostra principal foi de estudantes universitarios britanicos."
"P010","Motivos de uso do smartphone","smartphone use motives","A revisao sistematica agrupou os motivos de uso do smartphone em sete categorias amplas: socializacao, regulacao de humor, autoidentidade/conformidade, passar o tempo, busca de informacao, aprimoramento/entretenimento e seguranca.","motivacao; autorregulacao; uso problematico de smartphone","taxonomia_conceitual","CANDIDATE_TAXONOMY: SmartphoneUseMotive includes SocialMotive, MoodRegulationMotive, SelfIdentityConformityMotive, PassTimeMotive, InformationSeekingMotive, EnhancementMotive, SafetyMotive","motiveFor SmartphoneUse; candidateExplanatoryFactorFor ProblematicSmartphoneUse; notEquivalentTo SmartphoneUseType; notEquivalentTo Expectancy","19 motive measures; 72 dimensions; 55 labels","NA - nao aplicavel","revisao sistematica de 44 estudos","Abstract; Heterogeneity in Smartphone Use Motives Measures; Categorising Smartphone Use Motives","Usar como taxonomia candidata; categorias foram harmonizadas pelos autores diante de forte heterogeneidade terminologica."
"P010","Motivo de regulacao de humor e PSU","mood regulation motives","Todos os 16 estudos que examinaram motivos de regulacao de humor encontraram associacoes positivas significativas com PSU; os efeitos bivariados e multivariados foram majoritariamente medios a grandes.","autorregulacao; motivacao; uso problematico de smartphone","achado_empirico","EVIDENCE_STATEMENT: MoodRegulationMotivePSUAssociation candidateBroaderType AssociationFinding","associatedWith ProblematicSmartphoneUse; relatedTo NegativeReinforcement; relatedTo CompensatorySmartphoneUse; noCausalDirectionAsserted","smartphone use motive measures; PSU scales including SAS-SV and adapted PSU measures","uso do smartphone para aliviar ou regular afeto negativo","sintese narrativa em revisao sistematica","Abstract; Mood Regulation Motives; Discussion The Role of Motives in Pathways to PSU","Eixo forte para integrar P009: regulacao emocional/desregulacao emocional e uso compensatorio, sem afirmar causalidade."
"P010","Motivo de passar o tempo e PSU","pass-time motives; pastime","De 11 estudos sobre motivos de passar o tempo, 10 encontraram associacoes positivas com PSU; os autores sugerem que esse motivo pode operar tanto como fator precipitante quanto mantenedor, embora com evidencia majoritariamente transversal.","motivacao; habito; compulsao","achado_empirico","EVIDENCE_STATEMENT: PassTimeMotivePSUAssociation candidateBroaderType AssociationFinding","associatedWith ProblematicSmartphoneUse; relatedTo BoredomAvoidance; candidateMaintainingFactorFor ProblematicSmartphoneUse; noCausalDirectionAsserted","pass-time motive dimensions across motive measures","uso por tedio; uso habitual potencial; manutencao de uso problematico","sintese narrativa em revisao sistematica","Pass-Time Motives; Motives as Mediators or Moderators; Discussion","Boa ponte para checagem habitual/automaticidade, mas nao confundir passatempo com prejuizo por si so."
"P010","Motivos sociais, aprimoramento, autoidentidade e seguranca","social; enhancement; self-identity/conformity; safety motives","Motivos sociais, de aprimoramento/entretenimento, autoidentidade/conformidade e seguranca foram geralmente positivamente associados a PSU, mas com efeitos menores ou evidencias menos robustas em alguns subgrupos e modelos ajustados.","motivacao; mecanismos digitais; uso problematico de smartphone","achado_empirico","EVIDENCE_STATEMENT: OtherSmartphoneUseMotivesPSUAssociations candidateBroaderType AssociationFinding","SocialMotive associatedWith ProblematicSmartphoneUse; EnhancementMotive associatedWith ProblematicSmartphoneUse; SelfIdentityConformityMotive associatedWith ProblematicSmartphoneUse; SafetyMotive associatedWith ProblematicSmartphoneUse; noCausalDirectionAsserted","motive dimensions across 44 included studies","uso para socializacao, entretenimento, conformidade/status ou seguranca","sintese narrativa de associacoes bivariadas/multivariadas","Social Motives; Self-Identity/Conformity Motives; Enhancement Motives; Safety Motives","Registrar como associacoes candidatas, nao como categorias centrais obrigatorias; efeitos sociais foram geralmente pequenos e por vezes perdem significancia com covariaveis."
"P010","Motivos como via final para PSU","final common pathway; compensatory internet use theory; pathway model","A revisao encontrou efeitos indiretos de depressao, ansiedade, solidao, intolerancia a incerteza e fatores transdiagnosticos sobre PSU via motivos, especialmente regulacao de humor; os autores discutem motivos como possivel via final em modelos motivacionais e de caminhos para PSU.","autorregulacao; motivacao; modelos explicativos","relacao_conceitual","CANDIDATE_CONCEPTUAL_RELATION: SmartphoneUseMotiveAsPathwayToPSU","mayMediate PsychosocialRiskFactor ProblematicSmartphoneUse; MoodRegulationMotive mediates NegativeAffectPSUAssociation; alignsWith CompensatoryInternetUseTheory; alignsWith PathwayModel; noCausalDirectionAsserted","indirect and moderating effects reported across included studies; one longitudinal study noted","uso compensatorio; alivio de emocoes negativas; risco de PSU","sintese de mediadores e moderadores em revisao sistematica","Motives as Mediators or Moderators; Excessive Reassurance Pathway; Discussion The Role of Motives in Pathways to PSU","Usar como mecanismo proposto/candidato; quase todos os estudos eram transversais, com apenas um longitudinal."
"P010","Heterogeneidade conceitual e limites causais dos motivos","measurement and conceptual heterogeneity; lack of prospective investigations","A revisao identificou heterogeneidade substancial nas medidas de motivos, possivel confusao entre motivos, expectativas e usos, predominio de estudos transversais e necessidade de escala abrangente e validada especifica para motivos de uso de smartphone.","metodologia; instrumentos e metricas; motivacao","lacuna_de_evidencia","EVIDENCE_LIMITATION: SmartphoneUseMotivesEvidenceLimitation candidateBroaderType ResearchLimitation","limitsCausalInferenceFor MotivePSUAssociation; concerns CrossSectionalEvidence; concerns MotiveMeasureHeterogeneity; distinguishes Motive from Expectancy; distinguishes Motive from SmartphoneUseType; requires ProspectiveEvidence; requires ValidComprehensiveMotiveMeasure","19 motive measures; 55 dimension labels; multiple PSU scales/adapted measures","NA - nao aplicavel","limitacoes declaradas e avaliacao metodologica em revisao sistematica","Risk of Bias; Heterogeneity in Smartphone Use Motives Measures; Measurement and Conceptual Heterogeneity; Limitations and Directions for Future Research","Gate anti-causalidade: nao inferir relacao temporal entre motivos e PSU; separar motivo, expectativa, uso/conteudo e prejuizo."
"P016","Smartphone como meio de atividades problematicas","smartphone as the medium; addiction to vs addiction on the smartphone","A revisao enquadra o smartphone como meio comum para uma ou mais atividades potencialmente problematicas, incluindo redes sociais, e recomenda distinguir uso problematico do dispositivo de uso problematico de aplicativos ou conteudos especificos.","delimitacao conceitual; uso problematico de smartphone; mecanismos digitais","cautela_conceitual","CONCEPTUAL_CAUTION: SmartphoneAsMediumNotActivity","SmartphoneDevice enables SmartphoneAppUse; ProblematicSmartphoneUse overlapsWith ProblematicSocialMediaUse; ProblematicSmartphoneUse notEquivalentTo ProblematicSocialMediaUse; SmartphoneUseContext requires AppSpecificContext","NA - nao aplicavel","risco de confundir meio, atividade e prejuizo","revisao sistematica e discussao conceitual","Purpose of Review; Aim; Conclusions","Linha central para a ontologia: separar dispositivo, aplicativo/conteudo, comportamento e prejuizo funcional."
"P016","Uso problematico de redes sociais","problematic social media use; PSMU","PSMU e descrito como termo guarda-chuva para uso problematico de websites e aplicativos sociais, incluindo redes sociais tradicionais, blogs, YouTube e mensageria instantanea como WhatsApp e Facebook Messenger.","redes sociais; mecanismos digitais; uso problematico de smartphone","classe_conceitual","CANDIDATE_CONCEPT: ProblematicSocialMediaUse candidateBroaderType ProblematicDigitalActivity","canOccurOn SmartphoneDevice; canOccurOn DesktopDevice; includes ProblematicInstantMessagingUse; includes ProblematicSocialNetworkingUse; notEquivalentTo ProblematicSmartphoneUse","Social Media Disorder Scale; Bergen Social Media Addiction Scale; ad hoc PSMU measures","prejuizos em escola, trabalho, familia e amigos quando uso e problematico","enquadramento conceitual em revisao sistematica","Problematic Social Media Use section; Methods of Assessing PSU and PSMU","PSMU e atividade/conteudo; pode ser acessada por smartphone, tablet ou desktop."
"P016","Sobreposicao parcial entre PSU e PSMU","partial overlap; medium to large associations","A revisao incluiu 13 estudos e encontrou associacoes medias a grandes entre PSU e PSMU; os autores concluem que os fenomenos se sobrepoem parcialmente, mas diferencas alem das comunalidades devem ser consideradas.","delimitacao conceitual; redes sociais; uso problematico de smartphone","achado_empirico","EVIDENCE_STATEMENT: PSUPSMUPartialOverlap candidateBroaderType AssociationFinding","ProblematicSmartphoneUse associatedWith ProblematicSocialMediaUse; partialOverlapWith ProblematicSocialMediaUse; noEquivalenceAsserted; noCausalDirectionAsserted","18 correlations in 12 studies; effect sizes medium to large; 13 studies included","sobreposicao de sintomas/criterios addiction-like e possivel confusao de mensuracao","revisao sistematica de associacoes correlacionais","Recent Findings; Association Between PSU and PSMU; Conclusions","Usar como evidencia de relacionamento entre constructos, nao como identidade entre eles."
"P016","WhatsApp e mensageria instantanea como maior area de sobreposicao","problematic WhatsApp use; instant messaging apps","As maiores correlacoes revisadas ocorreram entre PSU e uso problematico de WhatsApp ou PSMU geral; os autores argumentam que WhatsApp e mensageria instantanea sao particularmente ligados ao smartphone por desenho e uso cotidiano.","redes sociais; mecanismos digitais; aplicativos especificos","achado_empirico","EVIDENCE_STATEMENT: InstantMessagingPSUOverlap candidateBroaderType AssociationFinding","ProblematicWhatsAppUse strongOverlapWith ProblematicSmartphoneUse; InstantMessagingAppUse commonlyOccursOn SmartphoneDevice; appSpecificUse contextualizes ProblematicSmartphoneUse; noCausalDirectionAsserted","adapted SAS for WhatsApp/Facebook/Instagram disorders; correlations above 0.70 for some WhatsApp/general PSMU comparisons","risco de PSU estar capturando uso problematico de mensageria ou redes sociais","sintese de estudos correlacionais e comparacoes por aplicativo","Methods of Assessing PSU and PSMU; Association Between PSU and PSMU; Conclusions","Evitar extrapolar para todos os apps; usar como pista para avaliar app/conteudo especifico."
"P016","Avaliar PSU por tipos especificos de aplicativo","focus on specific types of apps used rather than a more holistic phenomenon","Os autores recomendam estudar PSU com foco nos tipos de aplicativos usados e no contexto de uso, em vez de tratar o smartphone apenas como fenomeno holistico indiferenciado.","instrumentos e metricas; mecanismos digitais; metodologia","principio_de_modelagem","MODELING_PRINCIPLE: AppSpecificPSUAssessment","requires AppTypeContext; distinguishes DeviceUse from AppUse; contextualizes ScreenTimeMetric; contextualizes ProblematicSmartphoneUse; supports DigitalActivityGranularity","app-specific PSU/PSMU measures; preferred app/device information","melhor delimitacao entre uso requerido, uso social, mensageria, entretenimento e prejuizo","recomendacao metodologica derivada de revisao sistematica","Summary; Problematic Smartphone Use; Aim; Conclusions","Conecta P012: tempo total de tela e insuficiente sem contexto de app, finalidade e prejuizo."
"P016","Limites metodologicos da sobreposicao PSU-PSMU","cross-sectional design; multicollinearity; construct validity; preferred device","A revisao destaca que 12 de 13 estudos eram transversais, poucos testaram multicolinearidade, medidas de PSU e PSMU usam criterios addiction-like similares e poucos estudos informaram o dispositivo preferido para acessar redes sociais.","metodologia; instrumentos e metricas; delimitacao conceitual","lacuna_de_evidencia","EVIDENCE_LIMITATION: PSUPSMUOverlapMethodologicalLimitation candidateBroaderType ResearchLimitation","limitsCausalInferenceFor PSUPSMUAssociation; concerns CrossSectionalEvidence; concerns MeasurementOverlap; concerns Multicollinearity; requires PreferredDeviceData; requires SharedConstructValidityCriteria","SAS; SAS-SV; Social Media Disorder Scale; adapted app-specific scales","risco de inflar associacoes por sobreposicao de itens/criterios","limitacoes e cautelas metodologicas em revisao sistematica","Methods of Assessing PSU and PSMU; Association Between PSU and PSMU; Conclusions","Gate anti-equivalencia: associacao alta pode refletir meio comum e criterios semelhantes, nao um unico constructo."
"P019","Qualidade de vida e qualidade de vida relacionada a saude","quality of life; health-related quality of life; QOL; HRQOL","A revisao trata QOL/HRQOL como desfechos multidimensionais para avaliar consequencias funcionais de PIU e PSU, incluindo dominios fisicos, psicologicos, sociais, escolares, ambientais e satisfacao com a vida.","prejuizo e bem-estar digital; instrumentos e metricas","dimensao_de_prejuizo","CANDIDATE_HARM_DIMENSION: QualityOfLife candidateBroaderType FunctionalOutcome","outcomeOfInterestFor ProblematicSmartphoneUse; includes PhysicalHealth; includes PsychologicalHealth; includes SocialRelations; includes SchoolPerformance; includes EnvironmentalQuality; includes LifeSatisfaction","WHOQOL; PedsQL; SF-12; KIDSCREEN; QOL/HRQOL instruments","menor qualidade de vida; pior saude fisica e psicologica","revisao sistematica e avaliacao de instrumentos","Purpose of Review; Measurement Instruments Used to Assess QOL or HRQOL; Discussion","Usar QOL/HRQOL como desfecho funcional amplo, nao como sintoma de PSU."
"P019","PSU associado a pior QOL ou HRQOL","PSU negatively correlated with QOL or HRQOL","Nos 11 estudos de PSU retidos, todos reportaram correlacao negativa entre PSU e QOL/HRQOL; estudos com dominios da WHOQOL indicaram correlacoes negativas em todos os dominios avaliados, com dominio psicologico frequentemente mais afetado.","prejuizo e bem-estar digital; uso problematico de smartphone","achado_empirico","EVIDENCE_STATEMENT: PSUQualityOfLifeNegativeAssociation candidateBroaderType AssociationFinding","ProblematicSmartphoneUse negativelyAssociatedWith QualityOfLife; negativelyAssociatedWith HealthRelatedQualityOfLife; especiallyConcerns PsychologicalHealth; concerns PhysicalHealth; noCausalDirectionAsserted","WHOQOL; KIDSCREEN-27; SF-12; PSU correlations reported across 11 studies","pior qualidade de vida; pior saude psicologica; pior saude fisica em parte dos estudos","sintese de estudos correlacionais em revisao sistematica","Recent Findings; Relationships Between PSU and QOL or HRQOL; Discussion; Conclusion","Associacao observacional; nao afirmar que PSU causa pior QOL nem que baixa QOL causa PSU."
"P019","Dominios prioritarios de prejuizo em PSU","physical health; psychological health; sleep; loneliness; familial relations","A revisao recomenda que programas de prevencao e instrumentos futuros foquem dominios mais afetados e relevantes para PIU/PSU, especialmente saude fisica e psicologica, sono, solidao e qualidade das relacoes familiares.","prejuizo e bem-estar digital; intervencao; instrumentos e metricas","principio_de_modelagem","MODELING_PRINCIPLE: PSUFunctionalOutcomeDomains","prioritizes PsychologicalHealth; prioritizes PhysicalHealth; includes SleepAndRest; includes Loneliness; includes FamilyRelations; informs PreventionTarget; informs OutcomeAssessment","WHOQOL domain mapping; PedsQL; KIDSCREEN; proposed PIU/PSU-specific QOL domains","sono ruim; solidao; prejuizo psicologico/fisico; relacoes familiares","recomendacao de avaliacao e prevencao baseada em revisao sistematica","Summary; Measurement Instruments Used to Assess QOL or HRQOL; Discussion; Conclusion","Conectar com P006 e P008: QOL organiza prejuizos sem reduzir PSU a tempo de tela."
"P019","Instrumentos recomendados para QOL/HRQOL","WHOQOL; Pediatric Quality of Life Inventory; PedsQL; KIDSCREEN","Entre os instrumentos existentes, WHOQOL para adultos e PedsQL para adolescentes de 13 a 18 anos foram avaliados como os mais relevantes; em estudos de PSU, os instrumentos mais usados foram WHOQOL e KIDSCREEN.","instrumentos e metricas; prejuizo e bem-estar digital","instrumento_psicometrico","CANDIDATE_MEASURE_FAMILY: QualityOfLifeMeasure includes WHOQOL, PedsQL, KIDSCREEN, SF12","measures QualityOfLife; measures HealthRelatedQualityOfLife; WHOQOL suitableFor Adults; PedsQL suitableFor Adolescents; KIDSCREEN usedFor Youth; notSpecificTo ProblematicSmartphoneUse","WHOQOL n=3 in PSU studies; KIDSCREEN n=2 in PSU studies; PedsQL recommended for ages 13-18","NA - nao aplicavel","avaliacao de instrumentos em revisao sistematica","Measurement Instruments Used to Assess QOL or HRQOL; Discussion; Conclusion","Separar instrumento de desfecho; nenhum instrumento identificado foi desenhado especificamente para QOL/HRQOL no contexto PIU/PSU."
"P019","Validade de conteudo em instrumentos QOL/HRQOL para PSU","content validity; instrument heterogeneity; domains covered","Os autores avaliaram validade de conteudo dos instrumentos e encontraram heterogeneidade importante nos dominios cobertos; instrumentos gerais podem deixar de medir aspectos particularmente relevantes para PSU, como solidao e relacoes familiares.","metodologia; instrumentos e metricas","lacuna_de_evidencia","EVIDENCE_LIMITATION: QOLInstrumentContentValidityGap candidateBroaderType MeasurementLimitation","concerns ContentValidity; concerns DomainCoverageHeterogeneity; limitsComparabilityAcrossStudies; requires PIUPSUContextSpecificQOLMeasure; mayMiss Loneliness; mayMiss FamilyRelations","nine validated QOL/HRQOL instruments; ad hoc item sets excluded from main consideration","risco de submedir dominios relevantes de prejuizo funcional","avaliacao critica de instrumentos e validade de conteudo","Data Extraction; Measurement Instruments Used to Assess QOL or HRQOL; Discussion","Importante para auditoria metodologica: medir bem-estar exige cobertura de dominios, nao apenas escore global."
"P019","Limites causais e especificidade de atividades em QOL-PSU","cross-sectional studies; self-selected participants; umbrella constructs; delivery mechanism","A revisao aponta numero limitado de estudos, predominio de desenhos transversais e participantes autoselecionados, falta de amostras representativas/longitudinais e alerta que Internet e smartphone podem funcionar como vetores para atividades online especificas.","metodologia; delimitacao conceitual; prejuizo e bem-estar digital","lacuna_de_evidencia","EVIDENCE_LIMITATION: QOLPSUCausalAndConstructSpecificityLimitation candidateBroaderType ResearchLimitation","limitsCausalInferenceFor PSUQualityOfLifeAssociation; concerns CrossSectionalEvidence; concerns SelfSelectedSamples; requires LongitudinalEvidence; requires RepresentativeSamples; distinguishes MediumFromSpecificOnlineActivity","QOL/HRQOL correlations; PIU/PSU umbrella constructs","risco de atribuir prejuizo ao meio em vez da atividade especifica","limitacoes declaradas pelos autores","Discussion limitations; Conclusion","Conecta P016: smartphone/Internet como delivery mechanism; nao ignorar atividades especificas como redes sociais, jogos ou video."
"P008","Desempenho academico como prejuizo funcional","academic achievement; academic performance","O artigo trata desempenho academico como indicador de aprendizagem, saude de longo prazo e sucesso profissional futuro, usando-o como desfecho funcional potencialmente afetado por PSU.","prejuizo e bem-estar digital; desempenho academico","dimensao_de_prejuizo","CANDIDATE_HARM_DIMENSION: AcademicAchievement candidateBroaderType FunctionalOutcome","functionalOutcomeFor StudentPopulation; relatedTo LearningStatus; relatedTo LongTermHealth; relatedTo FutureProfessionalSuccess; canBeAffectedBy ProblematicSmartphoneUse","GPA; self-reported grades; test scores","desempenho academico reduzido; risco de baixo rendimento escolar","revisao sistematica e meta-analise","Introduction; Description of studies; Practical implications","Modelar como desfecho funcional, nao como sintoma central ou criterio necessario de PSU."
"P008","PSU associado a menor desempenho academico","PSU and academic achievement; pooled effect size","A meta-analise incluiu 33 tamanhos de efeito de 29 estudos com 48.490 participantes e encontrou associacao negativa pequena entre PSU e desempenho academico.","prejuizo e bem-estar digital; uso problematico de smartphone","achado_empirico","EVIDENCE_STATEMENT: PSUAcademicAchievementNegativeAssociation candidateBroaderType AssociationFinding","ProblematicSmartphoneUse negativelyAssociatedWith AcademicAchievement; hasPooledCorrelation -0.110; noCausalDirectionAsserted","random-effects meta-analysis; pooled r -0.110; 33 effect sizes; 29 studies; n=48,490","menor desempenho academico associado a maior PSU","meta-analise de estudos transversais","Abstract Results; PSU and academic achievement; Overall effects","Efeito pequeno, mas relevante como prejuizo funcional; nao afirmar causalidade."
"P008","Populacoes escolares mais jovens como grupo potencialmente vulneravel","elementary and middle school students; primary and secondary school students","O tamanho da associacao entre PSU e desempenho academico tendeu a ser maior em amostras de estudantes de ensino fundamental e medio, sugerindo maior vulnerabilidade potencial de grupos mais jovens.","prejuizo e bem-estar digital; desenvolvimento; intervencao","achado_empirico","EVIDENCE_STATEMENT: YoungerStudentsAcademicPSUVulnerability candidateBroaderType ModeratorFinding","EducationLevel moderates PSUAcademicAchievementAssociation; ElementaryMiddleSchoolSample showsLargerAssociation; candidatePriorityGroupFor Intervention; noCausalDirectionAsserted","meta-regression/moderation by educational level","maior risco relativo de impacto academico em estudantes mais jovens","analise de moderadores em meta-analise","Abstract Results; Moderators of the relationship between PSU and academic achievement; Practical implications","Tratar como indicio de vulnerabilidade, nao como regra universal."
"P008","Mecanismos teoricos entre PSU e desempenho academico","time trade-off; cognitive overload; lack of attention/concentration","O artigo descreve mecanismos teoricos plausiveis para a relacao negativa: competicao de tempo entre smartphone e estudo, alternancia constante entre tarefas academicas e sociais, sobrecarga cognitiva, ineficiencia, falta de atencao/concentracao e menor esforco mental prolongado.","atencao; mecanismos digitais; desempenho academico","mecanismo_proposto","PROPOSED_MECHANISM: SmartphoneUseAcademicInterference candidateBroaderType FunctionalInterferenceMechanism","mayExplain PSUAcademicAchievementAssociation; includes TimeDisplacement; includes TaskSwitching; includes CognitiveOverload; includes AttentionDifficulty; noCausalDirectionAsserted","theoretical synthesis; no direct mechanism meta-analysis","ineficiencia de estudo; reducao de concentracao; interferencia academica","justificativa teorica apoiada por literatura citada","Introduction paragraphs on theoretical negative causal relationship; Discussion Overall effects","Usar como mecanismo candidato, separado do efeito meta-analitico."
"P008","Estrategias educacionais para reduzir PSU academico","disable non-essential notifications; silent mode; parental mediation; physical activity","As implicacoes praticas incluem triagem psicometrica de estudantes em risco, iniciativas educacionais para prevenir PSU e estrategias como substituir parte do tempo de smartphone por atividades saudaveis, desativar notificacoes nao essenciais, usar modo silencioso e orientar pais.","intervencao; desempenho academico; mecanismos digitais","estrategia_de_intervencao","INTERVENTION_STRATEGY: AcademicPSUReductionStrategy candidateBroaderType DigitalWellbeingIntervention","targets ProblematicSmartphoneUse; aimsToImprove AcademicAchievement; uses NotificationManagement; uses ParentalMediation; uses HealthyActivitySubstitution; requires EffectivenessTesting","psychometric screening tests; external informants; notification settings","potencial reducao de baixo rendimento associado a PSU","implicacoes praticas inferidas pelos autores","Practical implications","Nao registrar como intervencao comprovada no artigo; sao recomendacoes a testar."
"P008","Limites metodologicos em PSU-desempenho academico","cross-sectional data; self-reported data; general smartphone use; objective usage data","Todos os dados disponiveis eram transversais; PSU foi baseada exclusivamente em autorrelato sem dados objetivos de uso, nem sempre ficou claro se notas autorrelatadas vinham de evidencias objetivas, e os estudos referiam-se a uso geral de smartphone, nao a apps especificos.","metodologia; instrumentos e metricas; desempenho academico","lacuna_de_evidencia","EVIDENCE_LIMITATION: PSUAcademicAchievementMethodologicalLimitation candidateBroaderType ResearchLimitation","limitsCausalInferenceFor PSUAcademicAchievementAssociation; concerns CrossSectionalEvidence; concerns SelfReportedPSU; concerns SelfReportedGrades; requires ObjectiveUsageData; requires EvidenceBasedGPA; requires AppSpecificAnalysis","PSU self-report scales; GPA; passive objective smartphone usage data proposed","risco de superestimar ou subestimar prejuizo academico","limitacoes declaradas pelos autores","Limitations","Conecta P012 e P016: combinar escalas, dados objetivos e contexto de app antes de inferir mecanismo."
"P007","Prevalencia global de PSU","global pooled PSU prevalence","A meta-analise incluiu 106 artigos, 109 estudos e 97.748 individuos de 2012 a 2022, estimando prevalencia global agregada de PSU de 37,1%.","prevalencia; uso problematico de smartphone; epidemiologia","achado_empirico","EVIDENCE_STATEMENT: GlobalPSUPrevalenceEstimate candidateBroaderType PrevalenceFinding","estimates PrevalenceOfProblematicSmartphoneUse; hasPooledPrevalence 37.1Percent; hasConfidenceInterval 33.5To40.8Percent; noIndividualDiagnosisAsserted","systematic review and meta-analysis; 106 articles; 109 studies; n=97,748; pooled prevalence 37.1%","NA - nao aplicavel","revisao sistematica e meta-analise de prevalencia","PubMed abstract; Crossref abstract","Prevalencia agregada depende de regioes, escalas e criterios; nao tratar como taxa universal fixa."
"P007","Tendencia temporal crescente de PSU","PSU prevalence is growing over time","A prevalencia de PSU apresentou tendencia crescente ao longo do periodo 2012-2022, e essa tendencia permaneceu mesmo diante de variacao por regioes e escalas de mensuracao.","prevalencia; tendencias temporais; epidemiologia","achado_empirico","EVIDENCE_STATEMENT: PSUPrevalenceIncreasingTrend candidateBroaderType TrendFinding","PrevalenceOfProblematicSmartphoneUse increasesOverTime; observedAcross 2012To2022; persistsDespite RegionVariation; persistsDespite ScaleVariation","trend meta-analysis/regression over 2012-2022","crescimento populacional do risco estimado de PSU","meta-analise de tendencia temporal","PubMed abstract; Crossref abstract","Tendencia populacional, nao trajetoria individual; evitar inferir que qualquer pessoa piora com o tempo."
"P007","Variacao de prevalencia por sexo ao longo do tempo","gender difference; males; females","A inclinação da tendencia de prevalencia em homens foi maior que em mulheres; homens inicialmente tinham prevalencia menor, mas a tendencia mudou ate superar a prevalencia feminina.","prevalencia; fatores demograficos; sexo/genero","achado_empirico","EVIDENCE_STATEMENT: PSUPrevalenceGenderTrend candidateBroaderType ModeratorFinding","SexFactor associatedWith PSUPrevalenceTrend; MaleTrendSlopeGreaterThan FemaleTrendSlope; noCausalDirectionAsserted","regression slope of prevalence trend by sex","mudanca temporal em grupo de maior prevalencia estimada","analise de tendencia em meta-analise de prevalencia","PubMed abstract; Crossref abstract","Usar como achado demografico agregado; nao essencializar sexo/genero nem inferir mecanismo causal."
"P007","Crescimento de PSU por faixa etaria","age groups; older age group","A prevalencia de PSU apresentou tendencia crescente em todas as faixas etarias analisadas, com taxa de crescimento mais rapida no grupo de maior idade.","prevalencia; desenvolvimento; fatores demograficos","achado_empirico","EVIDENCE_STATEMENT: PSUPrevalenceAgeTrend candidateBroaderType ModeratorFinding","AgeGroup associatedWith PSUPrevalenceTrend; allAgeGroups showIncreasingTrend; OlderAgeGroup showsFasterGrowth; noCausalDirectionAsserted","trend analysis by age group","ampliacao de prevalencia estimada em diferentes idades","analise de subgrupo/tendencia em meta-analise","PubMed abstract; Crossref abstract","Nao confundir com P008: aqui idade modera prevalencia/tendencia, nao desempenho academico."
"P007","Heterogeneidade por regiao e escala de mensuracao","region difference; scale difference; measurement scales","A prevalencia de PSU variou amplamente entre regioes e escalas de mensuracao, indicando que comparacoes entre paises/culturas e instrumentos devem ser feitas com cautela.","instrumentos e metricas; prevalencia; metodologia","lacuna_de_evidencia","EVIDENCE_LIMITATION: PSUPrevalenceRegionScaleHeterogeneity candidateBroaderType MeasurementLimitation","PrevalenceEstimate variesBy Region; PrevalenceEstimate variesBy MeasurementScale; limits CrossCulturalComparison; limits PooledPrevalenceInterpretation; requires MeasurementStandardization","multiple PSU measurement scales across included studies","risco de estimativas incompatíveis entre estudos","limitacao metodologica inferida da meta-analise de prevalencia","PubMed abstract; Crossref abstract; keywords region difference and scale difference","Linha essencial para auditoria: prevalencia depende de instrumento/corte/país; nao converter escala em diagnostico."
"P007","Necessidade de padronizacao de criterios e ferramentas de medida","unified standard and measurement tools","Os autores concluem que pesquisa e pratica devem considerar diferencas entre paises/culturas e estabelecer padroes unificados e ferramentas de mensuracao para confirmar PSU.","metodologia; instrumentos e metricas; prevalencia","principio_de_modelagem","MODELING_PRINCIPLE: StandardizedPSUMeasurementNeeded","requires UnifiedMeasurementStandard; requires ValidatedPSUTools; supports ComparabilityAcrossStudies; prevents ScaleDiagnosisEquivalence; informs ReviewAuditDecision","standardized PSU measurement tools proposed by authors","melhor comparabilidade epidemiologica e menor risco de classificacao inconsistente","recomendacao metodologica em revisao sistematica/meta-analise","PubMed abstract conclusion; Crossref abstract conclusion","A ontologia deve manter constructo, escala e ponto de corte separados."
